participant_id	age	sex	hand
sub-000	n/a	n/a	n/a
sub-001	n/a	n/a	n/a
sub-002	n/a	n/a	n/a
sub-003	n/a	n/a	n/a
sub-004	n/a	n/a	n/a
sub-005	n/a	n/a	n/a
sub-006	n/a	n/a	n/a
sub-007	n/a	n/a	n/a
sub-008	n/a	n/a	n/a
sub-009	n/a	n/a	n/a
sub-010	n/a	n/a	n/a
sub-011	n/a	n/a	n/a
sub-012	n/a	n/a	n/a
sub-013	n/a	n/a	n/a
sub-014	n/a	n/a	n/a
sub-015	n/a	n/a	n/a
sub-016	n/a	n/a	n/a
sub-017	n/a	n/a	n/a
sub-018	n/a	n/a	n/a
sub-019	n/a	n/a	n/a
sub-020	n/a	n/a	n/a
sub-021	n/a	n/a	n/a
sub-022	n/a	n/a	n/a
sub-023	n/a	n/a	n/a
sub-024	n/a	n/a	n/a
sub-025	n/a	n/a	n/a
sub-026	n/a	n/a	n/a
sub-027	n/a	n/a	n/a
sub-028	n/a	n/a	n/a
sub-029	n/a	n/a	n/a
sub-030	n/a	n/a	n/a
sub-031	n/a	n/a	n/a
sub-032	n/a	n/a	n/a
sub-033	n/a	n/a	n/a
sub-034	n/a	n/a	n/a
sub-035	n/a	n/a	n/a
sub-036	n/a	n/a	n/a
sub-037	n/a	n/a	n/a
sub-038	n/a	n/a	n/a
sub-039	n/a	n/a	n/a
sub-040	n/a	n/a	n/a
sub-041	n/a	n/a	n/a
sub-042	n/a	n/a	n/a
sub-043	n/a	n/a	n/a
sub-044	n/a	n/a	n/a
sub-045	n/a	n/a	n/a
sub-046	n/a	n/a	n/a
sub-047	n/a	n/a	n/a
sub-048	n/a	n/a	n/a
sub-049	n/a	n/a	n/a
sub-050	n/a	n/a	n/a
sub-051	n/a	n/a	n/a
sub-052	n/a	n/a	n/a
sub-053	n/a	n/a	n/a
sub-054	n/a	n/a	n/a
sub-055	n/a	n/a	n/a
sub-056	n/a	n/a	n/a
sub-057	n/a	n/a	n/a
sub-058	n/a	n/a	n/a
sub-059	n/a	n/a	n/a
sub-060	n/a	n/a	n/a
sub-061	n/a	n/a	n/a
sub-062	n/a	n/a	n/a
sub-063	n/a	n/a	n/a
sub-064	n/a	n/a	n/a
sub-065	n/a	n/a	n/a
sub-066	n/a	n/a	n/a
sub-067	n/a	n/a	n/a
sub-068	n/a	n/a	n/a
sub-069	n/a	n/a	n/a
sub-070	n/a	n/a	n/a
sub-071	n/a	n/a	n/a
sub-072	n/a	n/a	n/a
sub-073	n/a	n/a	n/a
sub-074	n/a	n/a	n/a
sub-075	n/a	n/a	n/a
sub-076	n/a	n/a	n/a
sub-077	n/a	n/a	n/a
sub-078	n/a	n/a	n/a
sub-079	n/a	n/a	n/a
sub-080	n/a	n/a	n/a
sub-081	n/a	n/a	n/a
sub-082	n/a	n/a	n/a
sub-083	n/a	n/a	n/a
sub-084	n/a	n/a	n/a
sub-085	n/a	n/a	n/a
sub-086	n/a	n/a	n/a
sub-087	n/a	n/a	n/a
sub-088	n/a	n/a	n/a
sub-089	n/a	n/a	n/a
sub-090	n/a	n/a	n/a
sub-091	n/a	n/a	n/a
sub-092	n/a	n/a	n/a
sub-093	n/a	n/a	n/a
sub-094	n/a	n/a	n/a
sub-095	n/a	n/a	n/a
sub-096	n/a	n/a	n/a
sub-097	n/a	n/a	n/a
sub-098	n/a	n/a	n/a
sub-099	n/a	n/a	n/a
